time,x,y,yaw,desired_heading,CTE,ATE,left_vel,right_vel,P,I,D
02:30:18.366,1.43807,77.7285,97.3125,97.4972,1.87823,74.2864,60.1413,59.8587,0.128956,0.00338995,0.00894281
02:30:18.618,1.43807,77.7285,97.3125,97.4972,1.87823,74.2864,60.078,59.922,0.128956,0.00097493,-0.0518943
02:30:18.871,1.43807,77.7285,97.3125,97.4972,1.87823,74.2864,60.1213,59.8787,0.128956,0.000974993,-0.00859114
02:30:19.122,1.43807,77.7285,97.3125,97.4972,1.87823,74.2864,60.1285,59.8715,0.128956,0.00097475,-0.00142257
02:30:19.374,1.43807,77.7285,97.3125,97.4972,1.87823,74.2864,60.1297,59.8703,0.128956,0.000974906,-0.000235525
02:30:19.626,1.43807,77.7285,97.3125,97.4972,1.87823,74.2864,60.1299,59.8701,0.128956,0.000975027,-3.89902e-05
